<?xml version="1.0" encoding="UTF-8"?><components>
    <controller id="12C2F859487F356CC6C3E30D787725F6SHOWCLR">
        <response name="framework/templates/singleDateReport/show" type="jsp">
            <map key="year" value="${calendar.current.year}"/>
            <map key="month" value="${calendar.current.month}"/>
            <map key="pager" value="pager"/>
            <map key="updateUrl" value="12C2F859487F356CC6C3E30D787725F6UpdateClr"/>
            <map key="exportUrl" value="12C2F859487F356CC6C3E30D787725F6ExportClr"/>
        </response>
    </controller>
    <controller id="12C2F859487F356CC6C3E30D787725F6UpdateClr">
        <context key="cal" value="${request.date.asCalendar}"/>
        <context key="pgNum" value="${request.pgNum.asInt}"/>
        <context key="pgSize" value="${request.pgSize.asInt}"/>
        <callservice id="12C2F859487F356CC6C3E30D787725F6ShowServ"/>
        <callcontroller id="12C2F859487F356CC6C3E30D787725F6FmtClr"/>
        <formatterServer id="fmtServ" table="${result.matrixNoIds}">
            <formatter ref="fmtData"/>
        </formatterServer>
        <response type="json">
            <header type="array">
                <item>
                    <name>采购员</name>
                    <type>text</type>
                </item>
                <item>
                    <name>订单号</name>
                    <type>text</type>
                </item>
                <item>
                    <name>创建日期</name>
                    <type>text</type>
                </item>
                <item>
                    <name>审批状态</name>
                    <type>text</type>
                </item>
                <item>
                    <name>供应商名称</name>
                    <type>text</type>
                </item>
                <item>
                    <name>行号</name>
                    <type>text</type>
                </item>
                <item>
                    <name>物料编码</name>
                    <type>text</type>
                </item>
                <item>
                    <name>物料说明</name>
                    <type>text</type>
                </item>
                <item>
                    <name>单位</name>
                    <type>text</type>
                </item>
                <item>
                    <name>数量</name>
                    <type>text</type>
                </item>
                <item>
                    <name>税码</name>
                    <type>text</type>
                </item>
                <item>
                    <name>单价</name>
                    <type>text</type>
                </item>
                <item>
                    <name>金额</name>
                    <type>text</type>
                </item>
                <item>
                    <name>含税单价</name>
                    <type>text</type>
                </item>
                <item>
                    <name>含税总额</name>
                    <type>text</type>
                </item>
                <item>
                    <name>承诺日期</name>
                    <type>text</type>
                </item>
                <item>
                    <name>预计交货日期</name>
                    <type>text</type>
                </item>
                <item>
                    <name>接收日期</name>
                    <type>text</type>
                </item>
                <item>
                    <name>已订购数量</name>
                    <type>text</type>
                </item>
                <item>
                    <name>已开单数量</name>
                    <type>text</type>
                </item>
                <item>
                    <name>要求检验</name>
                    <type>text</type>
                </item>
                <item>
                    <name>未质检数量</name>
                    <type>text</type>
                </item>
                <item>
                    <name>已质检数量</name>
                    <type>text</type>
                </item>
                <item>
                    <name>合格数量</name>
                    <type>text</type>
                </item>
                <item>
                    <name>不合格数量</name>
                    <type>text</type>
                </item>
                <item>
                    <name>已取消数量</name>
                    <type>text</type>
                </item>
                <item>
                    <name>已接收数量</name>
                    <type>text</type>
                </item>
                <item>
                    <name>接收金额</name>
                    <type>text</type>
                </item>
                <item>
                    <name>接收组织</name>
                    <type>text</type>
                </item>
                <item>
                    <name>库存现有量</name>
                    <type>text</type>
                </item>
                <item>
                    <name>库存可用量</name>
                    <type>text</type>
                </item>
                <item>
                    <name>图号</name>
                    <type>text</type>
                </item>
                <item>
                    <name>合同产品号</name>
                    <type>text</type>
                </item>
            </header>
            <data>${fmtServ.result}${dataCount[0]}</data>
            <dateCount/>
        </response>
    </controller>
    <controller id="12C2F859487F356CC6C3E30D787725F6FmtClr">
        <formatter export="true" id="fmtData">
            <EmptyFormatter/>
        </formatter>
    </controller>
    <controller id="12C2F859487F356CC6C3E30D787725F6ExportClr">
        <context key="cal" value="${request.date.asCalendar}"/>
        <callservice id="12C2F859487F356CC6C3E30D787725F6ShowServ"/>
        <callcontroller id="12C2F859487F356CC6C3E30D787725F6FmtClr"/>
        <ExcelTemplate id="excelTemplate" sheet="采购订单执行情况"/>
        <list id="title" type="string">采购员,订单号,创建日期,审批状态,供应商名称,行号,物料编码,物料说明,单位,数量,税码,单价,金额,含税单价,含税总额,承诺日期,预计交货日期,接收日期,已订购数量,已开单数量,要求检验,未质检数量,已质检数量,合格数量,不合格数量,已取消数量,已接收数量,接收金额,接收组织,库存现有量,库存可用量,图号,合同产品号</list>
        <formatter id="excel">
            <ExcelTitleFilter>
                <ExcelTemplate ref="excelTemplate"/>
                <Offset col="0" row="0"/>
                <titles>
                    <title ref="title"/>
                </titles>
            </ExcelTitleFilter>
            <ExcelHeaderCenterFormatter>
                <DefaultMatcher cols="0"/>
                <ExcelTemplate ref="excelTemplate"/>
                <Offset col="0" row="1"/>
            </ExcelHeaderCenterFormatter>
            <ExcelOffsetFormatter>
                <ExcelTemplate ref="excelTemplate"/>
                <Offset col="0" row="1"/>
            </ExcelOffsetFormatter>
        </formatter>
        <formatterServer id="fmtServ" table="${result.matrixNoIds}">
            <formatter ref="fmtData"/>
            <formatter ref="excel"/>
        </formatterServer>
        <response name="${request.date.asString}采购订单执行情况.xls" ref="excelTemplate" serv="fmtServ" type="excel"/>
    </controller>
    <service id="12C2F859487F356CC6C3E30D787725F6ShowServ" transaction="transactionManager">
        <sql export="true" id="dataCount">
select count(*) from CUX_PURORDER_V
</sql>
        <sql id="data" pgNum="${pgNum}" pgSize="${pgSize}">
select 
	id,
	person,
	order_num,
	create_date,
	approve_status,
	vender,
	line_num,
	materiel_code,
	materiel_intr,
	unit,
	num,
	tax_rate,
	unit_price,
	amount,
	tax_unit_price,
	tax_amount,
	promise_date,
	EDD,
	REC_DATE,
	ord_num,
	bill_num,
	require_check,
	uncheck_num,
	checked_num,
	qualified_num,
	unqualified_num,
	cancel_num,
	rec_num,
	rec_amount,
	rec_org,
	stock_num,
	stock_available_num,
	figure_num,
	contract_num
from CUX_PURORDER_V
</sql>
        <list id="ids" sql="data" value="0"/>
        <context key="counter" value="${counterFactory.newCounter}"/>
        <table export="true" id="result" rowIds="ids">
            <list sql="data" type="string" value="${counter.reset[1].val}"/>
            <list sql="data" type="string" value="${counter.next.val}"/>
            <list sql="data" type="string" value="${counter.next.val}"/>
            <list sql="data" type="string" value="${counter.next.val}"/>
            <list sql="data" type="string" value="${counter.next.val}"/>
            <list sql="data" type="string" value="${counter.next.val}"/>
            <list sql="data" type="string" value="${counter.next.val}"/>
            <list sql="data" type="string" value="${counter.next.val}"/>
            <list sql="data" type="string" value="${counter.next.val}"/>
            <list sql="data" type="string" value="${counter.next.val}"/>
            <list sql="data" type="string" value="${counter.next.val}"/>
            <list sql="data" type="string" value="${counter.next.val}"/>
            <list sql="data" type="string" value="${counter.next.val}"/>
            <list sql="data" type="string" value="${counter.next.val}"/>
            <list sql="data" type="string" value="${counter.next.val}"/>
            <list sql="data" type="string" value="${counter.next.val}"/>
            <list sql="data" type="string" value="${counter.next.val}"/>
            <list sql="data" type="string" value="${counter.next.val}"/>
            <list sql="data" type="string" value="${counter.next.val}"/>
            <list sql="data" type="string" value="${counter.next.val}"/>
            <list sql="data" type="string" value="${counter.next.val}"/>
            <list sql="data" type="string" value="${counter.next.val}"/>
            <list sql="data" type="string" value="${counter.next.val}"/>
            <list sql="data" type="string" value="${counter.next.val}"/>
            <list sql="data" type="string" value="${counter.next.val}"/>
            <list sql="data" type="string" value="${counter.next.val}"/>
            <list sql="data" type="string" value="${counter.next.val}"/>
            <list sql="data" type="string" value="${counter.next.val}"/>
            <list sql="data" type="string" value="${counter.next.val}"/>
            <list sql="data" type="string" value="${counter.next.val}"/>
            <list sql="data" type="string" value="${counter.next.val}"/>
            <list sql="data" type="string" value="${counter.next.val}"/>
            <list sql="data" type="string" value="${counter.next.val}"/>
        </table>
    </service>
</components>
