<?xml version="1.0" encoding="UTF-8"?><components>
    <controller id="68930B806E9883C70ED00994205C2EE5SWJ">
        <list id="ids" type="int">0</list>
        <list id="vals" type="string">完工入库清单</list>
        <response name="framework/templates/dateReport/show" type="jsp">
            <map key="updateUrl" value="68930B806E9883C70ED00994205C2EE5UpdateWrapperClr"/>
            <map key="exportUrl" value="68930B806E9883C70ED00994205C2EE5ExportWrapperClr"/>
            <map key="nodeData" value="${dataNodeFactory[ids][vals].asJson}"/>
            <map key="year" value="${calendar.current.year}"/>
            <map key="month" value="${calendar.current.month}"/>
        </response>
    </controller>
    <controller id="68930B806E9883C70ED00994205C2EE5UpdateWrapperClr">
        <context key="item" value="${request.item.asInt}"/>
        <if test="${item == 0}">
            <callcontroller id="FCCBD80F080E5B9B7AB788E2514E439BUpdateClr"/>
        </if>
    </controller>
    <controller id="68930B806E9883C70ED00994205C2EE5ExportWrapperClr">
        <context key="item" value="${request.item.asInt}"/>
        <if test="${item == 0}">
            <callcontroller id="FCCBD80F080E5B9B7AB788E2514E439BExportClr"/>
        </if>
    </controller>
</components>
