<?xml version="1.0" encoding="UTF-8"?><components>
    <controller id="7C949791A9295926D76100AF3602506AIMPORTJSP">
        <response name="components/import_data" type="jsp">
            <map key="importUrl" value="7C949791A9295926D76100AF3602506AImportClr"/>
        </response>
    </controller>
    <controller id="7C949791A9295926D76100AF3602506AImportClr">
        <context key="data" value="${request.upfile.asExcel}"/>
        <context key="src" value="${session.account.name} Excel 导入"/>
        <context key="time" value="${calendar.current.secondFormat}"/>
        <callservice id="7C949791A9295926D76100AF3602506AImportServ"/>
        <response type="json">
            <errorCode>0</errorCode>
            <message>OK</message>
        </response>
    </controller>
    <service id="7C949791A9295926D76100AF3602506AImportServ" transaction="transactionManager">
        <merge data="${data}" table="exchange_settlement_forward">
            <set>
                <dwmc ref="0" type="string"/>
                <ywzl ref="1" type="string"/>
                <jbr ref="2" type="date"/>
                <jqhl ref="3" type="double"/>
                <mcbz ref="4" type="string"/>
                <mcje ref="5" type="double"/>
                <sdhl ref="6" type="double"/>
                <mrbz ref="7" type="string"/>
                <mrje ref="8" type="double"/>
                <jgrjqhl ref="9" type="double"/>
                <jgr ref="10" type="date"/>
                <jgqk ref="11" type="string"/>
                <hdsy ref="12" type="double"/>
                <yh ref="13" type="string"/>
                <_src type="string" value="${src}"/>
                <_time type="date" value="${time}"/>
            </set>
        </merge>
    </service>
</components>
