<?xml version="1.0" encoding="UTF-8"?><components>
    <controller id="64EBE83612425900EE5DFED8A902E8FAEWJ">
        <list id="ids" type="int">0</list>
        <list id="vals" type="string">远期结售汇业务</list>
        <response name="framework/templates/dateReport/entry" type="jsp">
            <map key="updateUrl" value="64EBE83612425900EE5DFED8A902E8FAEntryUpdateWrapperClr"/>
            <map key="submitUrl" value="64EBE83612425900EE5DFED8A902E8FAEntrySubmitWrapperClr"/>
            <map key="nodeData" value="${dataNodeFactory[ids][vals].asJson}"/>
            <map key="year" value="${calendar.current.year}"/>
            <map key="month" value="${calendar.current.month}"/>
        </response>
    </controller>
    <controller id="64EBE83612425900EE5DFED8A902E8FAEntryUpdateWrapperClr">
        <context key="item" value="${request.item.asInt}"/>
        <if test="${item == 0}">
            <callcontroller id="7C949791A9295926D76100AF3602506AEntryUpdateClr"/>
        </if>
    </controller>
    <controller id="64EBE83612425900EE5DFED8A902E8FAEntrySubmitWrapperClr">
        <context key="item" value="${request.item.asInt}"/>
        <if test="${item == 0}">
            <callcontroller id="7C949791A9295926D76100AF3602506AEntrySubmitClr"/>
        </if>
    </controller>
</components>
