<?xml version="1.0" encoding="UTF-8"?><components>
    <controller id="64EBE83612425900EE5DFED8A902E8FASWJ">
        <list id="ids" type="int">0</list>
        <list id="vals" type="string">远期结售汇业务</list>
        <response name="framework/templates/dateReport/show" type="jsp">
            <map key="updateUrl" value="64EBE83612425900EE5DFED8A902E8FAUpdateWrapperClr"/>
            <map key="exportUrl" value="64EBE83612425900EE5DFED8A902E8FAExportWrapperClr"/>
            <map key="nodeData" value="${dataNodeFactory[ids][vals].asJson}"/>
            <map key="year" value="${calendar.current.year}"/>
            <map key="month" value="${calendar.current.month}"/>
        </response>
    </controller>
    <controller id="64EBE83612425900EE5DFED8A902E8FAUpdateWrapperClr">
        <context key="item" value="${request.item.asInt}"/>
        <if test="${item == 0}">
            <callcontroller id="7C949791A9295926D76100AF3602506AUpdateClr"/>
        </if>
    </controller>
    <controller id="64EBE83612425900EE5DFED8A902E8FAExportWrapperClr">
        <context key="item" value="${request.item.asInt}"/>
        <if test="${item == 0}">
            <callcontroller id="7C949791A9295926D76100AF3602506AExportClr"/>
        </if>
    </controller>
</components>
