<?xml version="1.0" encoding="UTF-8"?><components>
    <controller id="64EBE83612425900EE5DFED8A902E8FAIWJ">
        <list id="ids" type="int">0</list>
        <list id="vals" type="string">远期结售汇业务</list>
        <response name="components/import_data" type="jsp">
            <map key="importUrl" value="64EBE83612425900EE5DFED8A902E8FAImportWrapper"/>
            <map key="itemNodes" value="${dataNodeFactory[ids][vals].asJson}"/>
        </response>
    </controller>
    <controller id="64EBE83612425900EE5DFED8A902E8FAImportWrapper">
        <context key="item" value="${request.item.asInt}"/>
        <if test="${item == 0}">
            <callcontroller id="7C949791A9295926D76100AF3602506AImportClr"/>
        </if>
    </controller>
</components>
