<?xml version="1.0" encoding="UTF-8"?><components>
    <controller id="858EB25BC3BCAC395925E2F3A26DFB38EWJ">
        <list id="ids" type="int">0</list>
        <list id="vals" type="string">采购订单执行情况</list>
        <response name="framework/templates/dateReport/entry" type="jsp">
            <map key="updateUrl" value="858EB25BC3BCAC395925E2F3A26DFB38EntryUpdateWrapperClr"/>
            <map key="submitUrl" value="858EB25BC3BCAC395925E2F3A26DFB38EntrySubmitWrapperClr"/>
            <map key="nodeData" value="${dataNodeFactory[ids][vals].asJson}"/>
            <map key="year" value="${calendar.current.year}"/>
            <map key="month" value="${calendar.current.month}"/>
        </response>
    </controller>
    <controller id="858EB25BC3BCAC395925E2F3A26DFB38EntryUpdateWrapperClr">
        <context key="item" value="${request.item.asInt}"/>
        <if test="${item == 0}">
            <callcontroller id="12C2F859487F356CC6C3E30D787725F6EntryUpdateClr"/>
        </if>
    </controller>
    <controller id="858EB25BC3BCAC395925E2F3A26DFB38EntrySubmitWrapperClr">
        <context key="item" value="${request.item.asInt}"/>
        <if test="${item == 0}">
            <callcontroller id="12C2F859487F356CC6C3E30D787725F6EntrySubmitClr"/>
        </if>
    </controller>
</components>
