<?xml version="1.0" encoding="UTF-8"?><components>
    <controller id="35A006162B95FC33F2933FD15A14596BIWJ">
        <list id="ids" type="int">0</list>
        <list id="vals" type="string">科目余额</list>
        <response name="components/import_data" type="jsp">
            <map key="importUrl" value="35A006162B95FC33F2933FD15A14596BImportWrapper"/>
            <map key="itemNodes" value="${dataNodeFactory[ids][vals].asJson}"/>
        </response>
    </controller>
    <controller id="35A006162B95FC33F2933FD15A14596BImportWrapper">
        <context key="item" value="${request.item.asInt}"/>
        <if test="${item == 0}">
            <callcontroller id="37CB4530FDDDB6A0000FFEBF3C178862ImportClr"/>
        </if>
    </controller>
</components>
