<?xml version="1.0" encoding="UTF-8"?><components>
    <controller id="CB9B0FFFCDA845E1765EC1860CE2D1EASHOWCLR">
        <response name="framework/templates/singleDateReport/show" type="jsp">
            <map key="year" value="${calendar.current.year}"/>
            <map key="month" value="${calendar.current.month}"/>
            <map key="pager" value="pager"/>
            <map key="updateUrl" value="CB9B0FFFCDA845E1765EC1860CE2D1EAUpdateClr"/>
            <map key="exportUrl" value="CB9B0FFFCDA845E1765EC1860CE2D1EAExportClr"/>
        </response>
    </controller>
    <controller id="CB9B0FFFCDA845E1765EC1860CE2D1EAUpdateClr">
        <context key="cal" value="${request.date.asCalendar}"/>
        <context key="pgNum" value="${request.pgNum.asInt}"/>
        <context key="pgSize" value="${request.pgSize.asInt}"/>
        <callservice id="CB9B0FFFCDA845E1765EC1860CE2D1EAShowServ"/>
        <callcontroller id="CB9B0FFFCDA845E1765EC1860CE2D1EAFmtClr"/>
        <formatterServer id="fmtServ" table="${result.matrixNoIds}">
            <formatter ref="fmtData"/>
        </formatterServer>
        <response type="json">
            <header type="array">
                <item>
                    <name>单位名称</name>
                    <type>text</type>
                </item>
                <item>
                    <name>币种</name>
                    <type>text</type>
                </item>
                <item>
                    <name>银行账户</name>
                </item>
                <item>
                    <name>上存资金</name>
                </item>
                <item>
                    <name>小计</name>
                </item>
                <item>
                    <name>定期</name>
                </item>
                <item>
                    <name>通知</name>
                </item>
                <item>
                    <name>小计</name>
                </item>
                <item>
                    <name>合计</name>
                </item>
                <item>
                    <name>N月</name>
                </item>
                <item>
                    <name>N1月</name>
                </item>
                <item>
                    <name>N2月</name>
                </item>
                <item>
                    <name>收汇小计</name>
                </item>
                <item>
                    <name>TT支付</name>
                </item>
                <item>
                    <name>归还保理</name>
                </item>
                <item>
                    <name>还贷款</name>
                </item>
                <item>
                    <name>信用证</name>
                </item>
                <item>
                    <name>付汇小计</name>
                </item>
                <item>
                    <name>外汇缺口金额</name>
                </item>
                <item>
                    <name>已锁汇金额</name>
                </item>
            </header>
            <data>${fmtServ.result}${dataCount[0]}</data>
            <dateCount/>
        </response>
    </controller>
    <controller id="CB9B0FFFCDA845E1765EC1860CE2D1EAFmtClr">
        <formatter export="true" id="fmtData">
            <NumberFormatter reservedCount="1">
                <DefaultMatcher cols="2,3,4,5,6,7,8,9,10,11,12,13,14,15,16,17,18,19"/>
            </NumberFormatter>
            <EmptyFormatter/>
        </formatter>
    </controller>
    <controller id="CB9B0FFFCDA845E1765EC1860CE2D1EAExportClr">
        <context key="cal" value="${request.date.asCalendar}"/>
        <callservice id="CB9B0FFFCDA845E1765EC1860CE2D1EAShowServ"/>
        <callcontroller id="CB9B0FFFCDA845E1765EC1860CE2D1EAFmtClr"/>
        <ExcelTemplate id="excelTemplate" sheet="外汇收支平衡表"/>
        <list id="title" type="string">单位名称,币种,银行账户,上存资金,小计,定期,通知,小计,合计,N月,N1月,N2月,收汇小计,TT支付,归还保理,还贷款,信用证,付汇小计,外汇缺口金额,已锁汇金额</list>
        <formatter id="excel">
            <ExcelTitleFilter>
                <ExcelTemplate ref="excelTemplate"/>
                <Offset col="0" row="0"/>
                <titles>
                    <title ref="title"/>
                </titles>
            </ExcelTitleFilter>
            <ExcelHeaderCenterFormatter>
                <DefaultMatcher cols="0"/>
                <ExcelTemplate ref="excelTemplate"/>
                <Offset col="0" row="1"/>
            </ExcelHeaderCenterFormatter>
            <ExcelOffsetFormatter>
                <ExcelTemplate ref="excelTemplate"/>
                <Offset col="0" row="1"/>
            </ExcelOffsetFormatter>
        </formatter>
        <formatterServer id="fmtServ" table="${result.matrixNoIds}">
            <formatter ref="fmtData"/>
            <formatter ref="excel"/>
        </formatterServer>
        <response name="${request.date.asString}外汇收支平衡表.xls" ref="excelTemplate" serv="fmtServ" type="excel"/>
    </controller>
    <service id="CB9B0FFFCDA845E1765EC1860CE2D1EAShowServ" transaction="transactionManager">
        <sql export="true" id="dataCount">
select count(*) from foreign_exchange_budget
</sql>
        <sql id="data" pgNum="${pgNum}" pgSize="${pgSize}">
select 
	id,
	dwmc,
	bz,
	yhzh,
	sczj,
	xj1,
	dq,
	tz,
	xj2,
	hj,
	N,
	N1,
	N2,
	shxj,
	T1zf,
	ghbl,
	hdk,
	xyz,
	fhxj,
	whqkje,
	yshje
from foreign_exchange_budget
</sql>
        <list id="ids" sql="data" value="0"/>
        <context key="counter" value="${counterFactory.newCounter}"/>
        <table export="true" id="result" rowIds="ids">
            <list sql="data" type="string" value="${counter.reset[1].val}"/>
            <list sql="data" type="string" value="${counter.next.val}"/>
            <list sql="data" type="double" value="${counter.next.val}"/>
            <list sql="data" type="double" value="${counter.next.val}"/>
            <list sql="data" type="double" value="${counter.next.val}"/>
            <list sql="data" type="double" value="${counter.next.val}"/>
            <list sql="data" type="double" value="${counter.next.val}"/>
            <list sql="data" type="double" value="${counter.next.val}"/>
            <list sql="data" type="double" value="${counter.next.val}"/>
            <list sql="data" type="double" value="${counter.next.val}"/>
            <list sql="data" type="double" value="${counter.next.val}"/>
            <list sql="data" type="double" value="${counter.next.val}"/>
            <list sql="data" type="double" value="${counter.next.val}"/>
            <list sql="data" type="double" value="${counter.next.val}"/>
            <list sql="data" type="double" value="${counter.next.val}"/>
            <list sql="data" type="double" value="${counter.next.val}"/>
            <list sql="data" type="double" value="${counter.next.val}"/>
            <list sql="data" type="double" value="${counter.next.val}"/>
            <list sql="data" type="double" value="${counter.next.val}"/>
            <list sql="data" type="double" value="${counter.next.val}"/>
        </table>
    </service>
</components>
