<?xml version="1.0" encoding="UTF-8"?><components>
    <controller id="D35103991FE051914834622EF3A26460SWJ">
        <list id="ids" type="int">0</list>
        <list id="vals" type="string">完工入库清单</list>
        <response name="framework/templates/dateReport/show" type="jsp">
            <map key="updateUrl" value="D35103991FE051914834622EF3A26460UpdateWrapperClr"/>
            <map key="exportUrl" value="D35103991FE051914834622EF3A26460ExportWrapperClr"/>
            <map key="nodeData" value="${dataNodeFactory[ids][vals].asJson}"/>
            <map key="year" value="${calendar.current.year}"/>
            <map key="month" value="${calendar.current.month}"/>
        </response>
    </controller>
    <controller id="D35103991FE051914834622EF3A26460UpdateWrapperClr">
        <context key="item" value="${request.item.asInt}"/>
        <if test="${item == 0}">
            <callcontroller id="FCCBD80F080E5B9B7AB788E2514E439BUpdateClr"/>
        </if>
    </controller>
    <controller id="D35103991FE051914834622EF3A26460ExportWrapperClr">
        <context key="item" value="${request.item.asInt}"/>
        <if test="${item == 0}">
            <callcontroller id="FCCBD80F080E5B9B7AB788E2514E439BExportClr"/>
        </if>
    </controller>
</components>
