<?xml version="1.0" encoding="UTF-8"?><components>
    <controller id="D35103991FE051914834622EF3A26460IWJ">
        <list id="ids" type="int">0</list>
        <list id="vals" type="string">完工入库清单</list>
        <response name="components/import_data" type="jsp">
            <map key="importUrl" value="D35103991FE051914834622EF3A26460ImportWrapper"/>
            <map key="itemNodes" value="${dataNodeFactory[ids][vals].asJson}"/>
        </response>
    </controller>
    <controller id="D35103991FE051914834622EF3A26460ImportWrapper">
        <context key="item" value="${request.item.asInt}"/>
        <if test="${item == 0}">
            <callcontroller id="FCCBD80F080E5B9B7AB788E2514E439BImportClr"/>
        </if>
    </controller>
</components>
