<?xml version="1.0" encoding="UTF-8"?>

<beans xmlns="http://www.springframework.org/schema/beans"
	xmlns:xsi="http://www.w3.org/2001/XMLSchema-instance" xmlns:tx="http://www.springframework.org/schema/tx"
	xmlns:context="http://www.springframework.org/schema/context"
	xmlns:aop="http://www.springframework.org/schema/aop" xmlns:task="http://www.springframework.org/schema/task"
	xsi:schemaLocation="
    	http://www.springframework.org/schema/beans 
    	http://www.springframework.org/schema/beans/spring-beans-4.0.xsd
    	http://www.springframework.org/schema/tx 
    	http://www.springframework.org/schema/tx/spring-tx-4.0.xsd
    	http://www.springframework.org/schema/aop 
    	http://www.springframework.org/schema/aop/spring-aop-4.0.xsd
        http://www.springframework.org/schema/context 
        http://www.springframework.org/schema/context/spring-context-4.0.xsd
        http://www.springframework.org/schema/task 
        http://www.springframework.org/schema/task/spring-task-3.0.xsd">


	<!-- -->
	<!-- DATABASE -->
	<!-- -->
	<bean id="dataSource" class="org.springframework.jndi.JndiObjectFactoryBean">
		<property name="jndiName" value="java:comp/env/jdbc/hr_db" />
	</bean>

	<bean id="entityManagerFactory"
		class="org.springframework.orm.jpa.LocalContainerEntityManagerFactoryBean">
		<property name="dataSource" ref="dataSource" />
		<property name="jpaVendorAdapter">
			<bean class="org.springframework.orm.jpa.vendor.HibernateJpaVendorAdapter">
				<!-- 
					<property name="databasePlatform" value="org.hibernate.dialect.HSQLDialect"/> 
					<property name="databasePlatform" value="org.hibernate.dialect.Oracle10gDialect"/> 
					<property name="databasePlatform" value="org.hibernate.dialect.MySQLDialect"/> 
					<property name="databasePlatform" value="org.hibernate.dialect.SQLServerDialect" />
				-->
				<property name="databasePlatform" value="org.hibernate.dialect.SQLServerDialect"/> 
				<property name="showSql" value="true" />
			</bean>
		</property>
		<property name="persistenceUnitName" value="HRDB" />
	</bean>
	
	<bean id="jtDataSource" class="org.springframework.jndi.JndiObjectFactoryBean">
		<property name="jndiName" value="java:comp/env/jdbc/jt_db" />
	</bean>

	<bean id="jtEntityManagerFactory"
		class="org.springframework.orm.jpa.LocalContainerEntityManagerFactoryBean">
		<property name="dataSource" ref="jtDataSource" />
		<property name="jpaVendorAdapter">
			<bean class="org.springframework.orm.jpa.vendor.HibernateJpaVendorAdapter">
				<!-- 
					<property name="databasePlatform" value="org.hibernate.dialect.HSQLDialect"/> 
					<property name="databasePlatform" value="org.hibernate.dialect.Oracle10gDialect"/> 
					<property name="databasePlatform" value="org.hibernate.dialect.MySQLDialect"/> 
					<property name="databasePlatform" value="org.hibernate.dialect.SQLServerDialect" />
				-->
				<property name="databasePlatform" value="org.hibernate.dialect.SQLServerDialect"/> 
				<property name="showSql" value="true" />
			</bean>
		</property>
		<property name="persistenceUnitName" value="JTDB" />
	</bean>
	
	<bean class="org.springframework.orm.jpa.support.PersistenceAnnotationBeanPostProcessor" />



	<!-- TRANSACTIONS -->
	<tx:annotation-driven transaction-manager="transactionManager" />
	

	<aop:aspectj-autoproxy />

	<bean id="transactionManager" class="org.springframework.orm.jpa.JpaTransactionManager">
		<property name="entityManagerFactory" ref="entityManagerFactory" />
		<property name="dataSource" ref="dataSource" />
	</bean>
	
	<bean id="jtTransactionManager" class="org.springframework.orm.jpa.JpaTransactionManager">
		<property name="entityManagerFactory" ref="jtEntityManagerFactory" />
		<property name="dataSource" ref="jtDataSource" />
	</bean>


	<context:component-scan base-package="com.tbea.ic.weixin.model" />
	<context:component-scan base-package="com.tbea.ic.weixin.service" />


	<!-- 
		<task:scheduled-tasks scheduler="myScheduler">
		<task:scheduled ref="reminderMailService" method="sendReminderMail"
				cron="0 10 16 * * ?" fixed-delay="1000" />
		</task:scheduled-tasks>
	
	    <task:scheduler id="myScheduler" pool-size="10" /> 
    -->

</beans>
