<?xml version="1.0" encoding="UTF-8"?><components>
    <controller id="12C2F859487F356CC6C3E30D787725F6ENTRYJSP">
        <response name="framework/templates/singleDateReport/entry" type="jsp">
            <map key="updateUrl" value="12C2F859487F356CC6C3E30D787725F6EntryUpdateClr"/>
            <map key="submitUrl" value="12C2F859487F356CC6C3E30D787725F6EntrySubmitClr"/>
        </response>
    </controller>
    <controller id="12C2F859487F356CC6C3E30D787725F6EntryUpdateClr">
        <context key="cal" value="${request.date.asCalendar}"/>
        <callservice id="12C2F859487F356CC6C3E30D787725F6EntryUpdateServ"/>
        <callcontroller id="12C2F859487F356CC6C3E30D787725F6EntryFmtClr"/>
        <formatterServer acceptNullAs="" id="fmtServ" table="${result.matrix}">
            <formatter ref="fmtData"/>
        </formatterServer>
        <response type="json">
            <header type="array">
                <item>
                    <name>采购员</name>
                    <type>text</type>
                </item>
                <item>
                    <name>订单号</name>
                    <type>text</type>
                </item>
                <item>
                    <name>创建日期</name>
                    <type>text</type>
                </item>
                <item>
                    <name>审批状态</name>
                    <type>text</type>
                </item>
                <item>
                    <name>供应商名称</name>
                    <type>text</type>
                </item>
                <item>
                    <name>行号</name>
                    <type>text</type>
                </item>
                <item>
                    <name>物料编码</name>
                    <type>text</type>
                </item>
                <item>
                    <name>物料说明</name>
                    <type>text</type>
                </item>
                <item>
                    <name>单位</name>
                    <type>text</type>
                </item>
                <item>
                    <name>数量</name>
                    <type>text</type>
                </item>
                <item>
                    <name>税码</name>
                    <type>text</type>
                </item>
                <item>
                    <name>单价</name>
                    <type>text</type>
                </item>
                <item>
                    <name>金额</name>
                    <type>text</type>
                </item>
                <item>
                    <name>含税单价</name>
                    <type>text</type>
                </item>
                <item>
                    <name>含税总额</name>
                    <type>text</type>
                </item>
                <item>
                    <name>承诺日期</name>
                    <type>text</type>
                </item>
                <item>
                    <name>预计交货日期</name>
                    <type>text</type>
                </item>
                <item>
                    <name>接收日期</name>
                    <type>text</type>
                </item>
                <item>
                    <name>已订购数量</name>
                    <type>text</type>
                </item>
                <item>
                    <name>已开单数量</name>
                    <type>text</type>
                </item>
                <item>
                    <name>要求检验</name>
                    <type>text</type>
                </item>
                <item>
                    <name>未质检数量</name>
                    <type>text</type>
                </item>
                <item>
                    <name>已质检数量</name>
                    <type>text</type>
                </item>
                <item>
                    <name>合格数量</name>
                    <type>text</type>
                </item>
                <item>
                    <name>不合格数量</name>
                    <type>text</type>
                </item>
                <item>
                    <name>已取消数量</name>
                    <type>text</type>
                </item>
                <item>
                    <name>已接收数量</name>
                    <type>text</type>
                </item>
                <item>
                    <name>接收金额</name>
                    <type>text</type>
                </item>
                <item>
                    <name>接收组织</name>
                    <type>text</type>
                </item>
                <item>
                    <name>库存现有量</name>
                    <type>text</type>
                </item>
                <item>
                    <name>库存可用量</name>
                    <type>text</type>
                </item>
                <item>
                    <name>图号</name>
                    <type>text</type>
                </item>
                <item>
                    <name>合同产品号</name>
                    <type>text</type>
                </item>
            </header>
            <data>${fmtServ.result}</data>
        </response>
    </controller>
    <controller id="12C2F859487F356CC6C3E30D787725F6EntryFmtClr">
        <formatter export="true" id="fmtData">
            <EmptyFormatter/>
        </formatter>
    </controller>
    <service id="12C2F859487F356CC6C3E30D787725F6EntryUpdateServ" transaction="transactionManager">
        <sql id="data">select 
	id,
	person,
	order_num,
	create_date,
	approve_status,
	vender,
	line_num,
	materiel_code,
	materiel_intr,
	unit,
	num,
	tax_rate,
	unit_price,
	amount,
	tax_unit_price,
	tax_amount,
	promise_date,
	EDD,
	REC_DATE,
	ord_num,
	bill_num,
	require_check,
	uncheck_num,
	checked_num,
	qualified_num,
	unqualified_num,
	cancel_num,
	rec_num,
	rec_amount,
	rec_org,
	stock_num,
	stock_available_num,
	figure_num,
	contract_num
from CUX_PURORDER_V</sql>
        <list id="ids" sql="data" value="0"/>
        <context key="counter" value="${counterFactory.newCounter}"/>
        <table export="true" id="result" rowIds="ids">
            <list sql="data" type="string" value="${counter.reset[1].val}"/>
            <list sql="data" type="string" value="${counter.next.val}"/>
            <list sql="data" type="string" value="${counter.next.val}"/>
            <list sql="data" type="string" value="${counter.next.val}"/>
            <list sql="data" type="string" value="${counter.next.val}"/>
            <list sql="data" type="string" value="${counter.next.val}"/>
            <list sql="data" type="string" value="${counter.next.val}"/>
            <list sql="data" type="string" value="${counter.next.val}"/>
            <list sql="data" type="string" value="${counter.next.val}"/>
            <list sql="data" type="string" value="${counter.next.val}"/>
            <list sql="data" type="string" value="${counter.next.val}"/>
            <list sql="data" type="string" value="${counter.next.val}"/>
            <list sql="data" type="string" value="${counter.next.val}"/>
            <list sql="data" type="string" value="${counter.next.val}"/>
            <list sql="data" type="string" value="${counter.next.val}"/>
            <list sql="data" type="string" value="${counter.next.val}"/>
            <list sql="data" type="string" value="${counter.next.val}"/>
            <list sql="data" type="string" value="${counter.next.val}"/>
            <list sql="data" type="string" value="${counter.next.val}"/>
            <list sql="data" type="string" value="${counter.next.val}"/>
            <list sql="data" type="string" value="${counter.next.val}"/>
            <list sql="data" type="string" value="${counter.next.val}"/>
            <list sql="data" type="string" value="${counter.next.val}"/>
            <list sql="data" type="string" value="${counter.next.val}"/>
            <list sql="data" type="string" value="${counter.next.val}"/>
            <list sql="data" type="string" value="${counter.next.val}"/>
            <list sql="data" type="string" value="${counter.next.val}"/>
            <list sql="data" type="string" value="${counter.next.val}"/>
            <list sql="data" type="string" value="${counter.next.val}"/>
            <list sql="data" type="string" value="${counter.next.val}"/>
            <list sql="data" type="string" value="${counter.next.val}"/>
            <list sql="data" type="string" value="${counter.next.val}"/>
            <list sql="data" type="string" value="${counter.next.val}"/>
        </table>
    </service>
    <controller id="12C2F859487F356CC6C3E30D787725F6EntrySubmitClr">
        <context key="cal" value="${request.date.asCalendar}"/>
        <context key="data" value="${request.data.asJsonArray}"/>
        <context key="src" value="${session.account.name} 录入"/>
        <context key="time" value="${calendar.current.secondFormat}"/>
        <callservice id="12C2F859487F356CC6C3E30D787725F6EntrySubmitServ"/>
        <response type="json">
            <errorCode>0</errorCode>
            <message>OK</message>
        </response>
    </controller>
    <service id="12C2F859487F356CC6C3E30D787725F6EntrySubmitServ" transaction="transactionManager">
        <merge data="${data}" table="CUX_PURORDER_V">
            <where>
                <id ref="0" type="int"/>
            </where>
            <set>
                <_src type="string" value="${src}"/>
                <_time type="date" value="${time}"/>
            </set>
        </merge>
    </service>
</components>
