<?xml version="1.0" encoding="UTF-8"?><components>
    <controller id="50E1A0738E3CC48ECF5E06CC38B0B76CSWJ">
        <list id="ids" type="int">0</list>
        <list id="vals" type="string">即期结售汇业务</list>
        <response name="framework/templates/dateReport/show" type="jsp">
            <map key="updateUrl" value="50E1A0738E3CC48ECF5E06CC38B0B76CUpdateWrapperClr"/>
            <map key="exportUrl" value="50E1A0738E3CC48ECF5E06CC38B0B76CExportWrapperClr"/>
            <map key="nodeData" value="${dataNodeFactory[ids][vals].asJson}"/>
            <map key="year" value="${calendar.current.year}"/>
            <map key="month" value="${calendar.current.month}"/>
        </response>
    </controller>
    <controller id="50E1A0738E3CC48ECF5E06CC38B0B76CUpdateWrapperClr">
        <context key="item" value="${request.item.asInt}"/>
        <if test="${item == 0}">
            <callcontroller id="E854333332B737FBBB14A55210FC995BUpdateClr"/>
        </if>
    </controller>
    <controller id="50E1A0738E3CC48ECF5E06CC38B0B76CExportWrapperClr">
        <context key="item" value="${request.item.asInt}"/>
        <if test="${item == 0}">
            <callcontroller id="E854333332B737FBBB14A55210FC995BExportClr"/>
        </if>
    </controller>
</components>
