<?xml version="1.0" encoding="UTF-8"?><components>
    <controller id="50E1A0738E3CC48ECF5E06CC38B0B76CEWJ">
        <list id="ids" type="int">0</list>
        <list id="vals" type="string">即期结售汇业务</list>
        <response name="framework/templates/dateReport/entry" type="jsp">
            <map key="updateUrl" value="50E1A0738E3CC48ECF5E06CC38B0B76CEntryUpdateWrapperClr"/>
            <map key="submitUrl" value="50E1A0738E3CC48ECF5E06CC38B0B76CEntrySubmitWrapperClr"/>
            <map key="nodeData" value="${dataNodeFactory[ids][vals].asJson}"/>
            <map key="year" value="${calendar.current.year}"/>
            <map key="month" value="${calendar.current.month}"/>
        </response>
    </controller>
    <controller id="50E1A0738E3CC48ECF5E06CC38B0B76CEntryUpdateWrapperClr">
        <context key="item" value="${request.item.asInt}"/>
        <if test="${item == 0}">
            <callcontroller id="E854333332B737FBBB14A55210FC995BEntryUpdateClr"/>
        </if>
    </controller>
    <controller id="50E1A0738E3CC48ECF5E06CC38B0B76CEntrySubmitWrapperClr">
        <context key="item" value="${request.item.asInt}"/>
        <if test="${item == 0}">
            <callcontroller id="E854333332B737FBBB14A55210FC995BEntrySubmitClr"/>
        </if>
    </controller>
</components>
