<?xml version="1.0" encoding="UTF-8"?><components>
    <controller id="9569BB9CEF88B0ADDFF9A7FCA0B46FA6SWJ">
        <list id="ids" type="int">0</list>
        <list id="vals" type="string">外汇收支平衡表</list>
        <response name="framework/templates/dateReport/show" type="jsp">
            <map key="updateUrl" value="9569BB9CEF88B0ADDFF9A7FCA0B46FA6UpdateWrapperClr"/>
            <map key="exportUrl" value="9569BB9CEF88B0ADDFF9A7FCA0B46FA6ExportWrapperClr"/>
            <map key="nodeData" value="${dataNodeFactory[ids][vals].asJson}"/>
            <map key="year" value="${calendar.current.year}"/>
            <map key="month" value="${calendar.current.month}"/>
        </response>
    </controller>
    <controller id="9569BB9CEF88B0ADDFF9A7FCA0B46FA6UpdateWrapperClr">
        <context key="item" value="${request.item.asInt}"/>
        <if test="${item == 0}">
            <callcontroller id="CB9B0FFFCDA845E1765EC1860CE2D1EAUpdateClr"/>
        </if>
    </controller>
    <controller id="9569BB9CEF88B0ADDFF9A7FCA0B46FA6ExportWrapperClr">
        <context key="item" value="${request.item.asInt}"/>
        <if test="${item == 0}">
            <callcontroller id="CB9B0FFFCDA845E1765EC1860CE2D1EAExportClr"/>
        </if>
    </controller>
</components>
