<?xml version="1.0" encoding="UTF-8"?><components>
    <controller id="9569BB9CEF88B0ADDFF9A7FCA0B46FA6EWJ">
        <list id="ids" type="int">0</list>
        <list id="vals" type="string">外汇收支平衡表</list>
        <response name="framework/templates/dateReport/entry" type="jsp">
            <map key="updateUrl" value="9569BB9CEF88B0ADDFF9A7FCA0B46FA6EntryUpdateWrapperClr"/>
            <map key="submitUrl" value="9569BB9CEF88B0ADDFF9A7FCA0B46FA6EntrySubmitWrapperClr"/>
            <map key="nodeData" value="${dataNodeFactory[ids][vals].asJson}"/>
            <map key="year" value="${calendar.current.year}"/>
            <map key="month" value="${calendar.current.month}"/>
        </response>
    </controller>
    <controller id="9569BB9CEF88B0ADDFF9A7FCA0B46FA6EntryUpdateWrapperClr">
        <context key="item" value="${request.item.asInt}"/>
        <if test="${item == 0}">
            <callcontroller id="CB9B0FFFCDA845E1765EC1860CE2D1EAEntryUpdateClr"/>
        </if>
    </controller>
    <controller id="9569BB9CEF88B0ADDFF9A7FCA0B46FA6EntrySubmitWrapperClr">
        <context key="item" value="${request.item.asInt}"/>
        <if test="${item == 0}">
            <callcontroller id="CB9B0FFFCDA845E1765EC1860CE2D1EAEntrySubmitClr"/>
        </if>
    </controller>
</components>
