<?xml version="1.0" encoding="UTF-8"?><components>
    <controller id="9569BB9CEF88B0ADDFF9A7FCA0B46FA6IWJ">
        <list id="ids" type="int">0</list>
        <list id="vals" type="string">外汇收支平衡表</list>
        <response name="components/import_data" type="jsp">
            <map key="importUrl" value="9569BB9CEF88B0ADDFF9A7FCA0B46FA6ImportWrapper"/>
            <map key="itemNodes" value="${dataNodeFactory[ids][vals].asJson}"/>
        </response>
    </controller>
    <controller id="9569BB9CEF88B0ADDFF9A7FCA0B46FA6ImportWrapper">
        <context key="item" value="${request.item.asInt}"/>
        <if test="${item == 0}">
            <callcontroller id="CB9B0FFFCDA845E1765EC1860CE2D1EAImportClr"/>
        </if>
    </controller>
</components>
